{
  "tau_index": 5897,
  "tau_date": "2010-08-04",
  "pre_price_mean": 76.95409090909091,
  "post_price_mean": 76.29695652173913,
  "price_pct_change": -0.8539304143402527,
  "pre_ret_mean": 0.007034895996479575,
  "post_ret_mean": -0.004702412457957315,
  "ret_mean_diff": -0.01173730845443689,
  "pre_ret_std": 0.01855715316678044,
  "post_ret_std": 0.01866471607447633
}