{
  "tau_index": 5897,
  "tau_date": "2010-08-04",
  "pre_price_mean": 33.12957266406647,
  "post_price_mean": 78.39931356620633,
  "price_pct_change": 136.64450598616096,
  "pre_ret_mean": 0.00025458204773226394,
  "post_ret_mean": -0.0008999080893600385,
  "ret_mean_diff": -0.0011544901370923026,
  "pre_ret_std": 0.023929284132983352,
  "post_ret_std": 0.02699572870534756
}