{
  "mean": 0.01760332148331223,
  "std": 0.9661314817907797,
  "q05": -1.3749468154020976,
  "q95": 1.4120531312956555,
  "n_samples": 50154000
}